Horizon (min),Correlation,T-Statistic,P-Value,Significant (5%)
1,0.00439823417076878,0.6008116824429488,0.5479727195424526,
5,0.007031878161797825,0.9605896315484949,0.33677099063807914,
15,-0.0035960630551528532,-0.49123118113925274,0.6232687249403308,
30,-0.00573839684115912,-0.7838871568694873,0.4331162762625387,
60,-0.0185142146480769,-2.5295051028265516,0.011430513525981345,**
